representation,success,message,objective,objective_gap_pct,link_rel_l2,demand_residual,min_path_flow,iterations,function_evals,solve_seconds,preprocess_seconds,n_variables,n_explicit,n_latent,rank,n_od,k_per_od,concentration,demand_perturbation
R0-full,True,Optimization terminated successfully,10553.960571103062,0.0,0.0,0.0,0.0,28,27,0.006436095000026398,1.941000004990201e-05,9,9,0,2,1,10,0.5,0.0
R1-U-unweighted-SVD,True,Optimization terminated successfully,10998.318063939536,4.210338761859061,0.16918922132969827,1.1368683772161603e-13,-8.313350008393172e-13,13,24,0.003437590999965323,0.0004542109998055821,3,1,2,2,1,10,0.5,0.0
R1-W-weighted-SVD,True,Optimization terminated successfully,10804.508353490133,2.3739692857397623,0.11059574579273482,0.0,0.0,14,13,0.0024677870001141855,0.0005171679999875778,3,1,2,2,1,10,0.5,0.0
R1-G-grouped-atom,True,Optimization terminated successfully,10553.960571103064,1.72351354857842e-14,5.011984035901246e-12,0.0,0.0,19,18,0.003524087999949188,0.00041739199991752685,3,1,2,2,1,10,0.5,0.0
R0-full,True,Optimization terminated successfully,11877.74486429746,0.0,0.0,0.0,5.8517834372574296e-15,30,29,0.006545814999981303,1.3866000017515034e-05,9,9,0,2,1,10,0.5,0.1
R1-U-unweighted-SVD,True,Optimization terminated successfully,12307.19416781242,3.615579459075725,0.17785691200365142,1.1368683772161603e-13,9.944438441915565e-15,13,12,0.0026686480000535084,0.00014211300003807992,3,1,2,2,1,10,0.5,0.1
R1-W-weighted-SVD,True,Optimization terminated successfully,12128.130126147356,2.108020206786168,0.10547676239719131,0.0,-6.536993168992922e-13,17,18,0.0035435640002106084,0.00044016900005772186,3,1,2,2,1,10,0.5,0.1
R1-G-grouped-atom,True,Optimization terminated successfully,11877.744864297452,-6.125706266055397e-14,1.6101245869212326e-14,1.1368683772161603e-13,0.0,20,19,0.0032515499999590247,0.0003598069999952713,3,1,2,2,1,10,0.5,0.1
R0-full,True,Optimization terminated successfully,10553.960571103102,0.0,0.0,0.0,0.0,22,23,0.004559464000067237,1.2276999996174709e-05,9,9,0,2,1,10,2.5,0.0
R1-U-unweighted-SVD,True,Optimization terminated successfully,10817.970418057126,2.5015239082557046,0.1564885155347658,1.1368683772161603e-13,-3.7247982476174e-13,7,12,0.0017437779999909253,0.00015839600018807687,3,1,2,2,1,10,2.5,0.0
R1-W-weighted-SVD,True,Optimization terminated successfully,10637.013817094738,0.7869391346698488,0.05374374135290406,1.1368683772161603e-13,-1.7053025658242404e-12,17,27,0.003761904999919352,0.0002708170000005339,3,1,2,2,1,10,2.5,0.0
R1-G-grouped-atom,True,Optimization terminated successfully,10553.960571103062,-3.7917298068725096e-13,1.1214262520543335e-08,0.0,0.0,15,15,0.0027224030000070343,0.00048493100007362955,3,1,2,2,1,10,2.5,0.0
R0-full,True,Optimization terminated successfully,11877.744864297456,0.0,0.0,0.0,0.0,23,23,0.004402801999958683,1.4072000112719252e-05,9,9,0,2,1,10,2.5,0.1
R1-U-unweighted-SVD,True,Optimization terminated successfully,12130.59094430165,2.1287380971130943,0.17249342249360594,1.1368683772161603e-13,-1.0547118733938987e-12,7,8,0.0016547780001019419,0.00017591799996807822,3,1,2,2,1,10,2.5,0.1
R1-W-weighted-SVD,True,Optimization terminated successfully,11960.732212980589,0.6986793337561851,0.049634875818649025,2.2737367544323206e-13,2.942091015256665e-14,15,15,0.003738078999958816,0.0002475200001299527,3,1,2,2,1,10,2.5,0.1
R1-G-grouped-atom,True,Optimization terminated successfully,11877.74486429746,3.0628531330276993e-14,2.3887241836789736e-08,0.0,0.0,17,17,0.0035544029999527993,0.00027276999981040717,3,1,2,2,1,10,2.5,0.1
R0-full,True,Optimization terminated successfully,10553.960571103062,0.0,0.0,0.0,0.0,28,27,0.005971060000092621,1.228400014952058e-05,9,9,0,5,1,10,0.5,0.0
R1-U-unweighted-SVD,True,Optimization terminated successfully,10723.565476364027,1.6070261407394912,0.10345011097757302,2.2737367544323206e-13,0.0,17,23,0.0034577549999994517,0.0002469629998813616,6,1,5,5,1,10,0.5,0.0
R1-W-weighted-SVD,True,Optimization terminated successfully,10695.818159736113,1.3441170987644164,0.08865383908887478,1.1368683772161603e-13,-3.637978807091713e-12,23,23,0.0036792649998460547,0.00030276500001491513,6,1,5,5,1,10,0.5,0.0
R1-G-grouped-atom,True,Optimization terminated successfully,10553.960571103324,2.4818595099529245e-12,4.3388574309621584e-07,0.0,0.0,25,24,0.0051077370001166855,0.0006124900000941125,6,1,5,5,1,10,0.5,0.0
R0-full,True,Optimization terminated successfully,11877.74486429746,0.0,0.0,0.0,5.8517834372574296e-15,30,29,0.006412884999917878,1.2186000049041468e-05,9,9,0,5,1,10,0.5,0.1
R1-U-unweighted-SVD,True,Optimization terminated successfully,12047.213853408204,1.4267774821476458,0.09849743353948615,1.1368683772161603e-13,-2.842170943040401e-14,18,17,0.003153230999942025,0.0001412980000168318,6,1,5,5,1,10,0.5,0.1
R1-W-weighted-SVD,True,Optimization terminated successfully,12019.515924310432,1.1935856648942895,0.08175828828278052,1.1368683772161603e-13,0.0,24,59,0.006807815999991362,0.00025792600013119227,6,1,5,5,1,10,0.5,0.1
R1-G-grouped-atom,True,Optimization terminated successfully,11877.744864297454,-4.594279699541548e-14,6.777895308513579e-09,1.1368683772161603e-13,1.5566584044643012e-15,26,25,0.004932868999958373,0.0006367769999542361,6,1,5,5,1,10,0.5,0.1
R0-full,True,Optimization terminated successfully,10553.960571103102,0.0,0.0,0.0,0.0,22,23,0.004503022999870154,1.3203999969846336e-05,9,9,0,5,1,10,2.5,0.0
R1-U-unweighted-SVD,True,Optimization terminated successfully,10717.258700592813,1.5472687091216117,0.11664566213846031,0.0,0.0,11,10,0.0019566309999845544,0.00016100899983939598,6,1,5,5,1,10,2.5,0.0
R1-W-weighted-SVD,True,Optimization terminated successfully,10568.414830084857,0.13695577962771247,0.0030095177831102283,0.0,-2.1245227799226996e-12,22,23,0.004857696000044598,0.000407438000138427,6,1,5,5,1,10,2.5,0.0
R1-G-grouped-atom,True,Optimization terminated successfully,10553.960571103062,-3.7917298068725096e-13,3.0814954469138794e-14,0.0,0.0,20,20,0.004399181999815482,0.0004178910000973701,6,1,5,5,1,10,2.5,0.0
R0-full,True,Optimization terminated successfully,11877.744864297456,0.0,0.0,0.0,0.0,23,23,0.004831055999829914,1.6940000023168977e-05,9,9,0,5,1,10,2.5,0.1
R1-U-unweighted-SVD,True,Optimization terminated successfully,12039.599960059064,1.362675302515697,0.12169947625948395,2.2737367544323206e-13,-6.356026815979021e-14,18,34,0.004339479000009305,0.00017776100003175088,6,1,5,5,1,10,2.5,0.1
R1-W-weighted-SVD,True,Optimization terminated successfully,11892.194600797338,0.1216538717152946,0.00278233592960269,1.1368683772161603e-13,-2.8421709430404007e-13,23,23,0.00457204899998942,0.0002692589998787298,6,1,5,5,1,10,2.5,0.1
R1-G-grouped-atom,True,Optimization terminated successfully,11877.744864297456,0.0,2.3561214013598776e-10,0.0,0.0,21,21,0.003626486000030127,0.0006563130000358797,6,1,5,5,1,10,2.5,0.1
R0-full,True,Optimization terminated successfully,7690.269963523392,0.0,0.0,0.0,0.0,37,36,0.014719270999876244,1.5950000033626566e-05,24,24,0,2,1,25,0.5,0.0
R1-U-unweighted-SVD,True,Optimization terminated successfully,8464.084348520464,10.062252543375466,0.1984977893502256,1.1368683772161603e-13,-3.517186542012496e-13,19,22,0.004117168999982823,0.00033308699994449853,3,1,2,2,1,25,0.5,0.0
R1-W-weighted-SVD,True,Optimization terminated successfully,8000.959380655382,4.040032646521603,0.2193736650702618,0.0,-1.1546319456101628e-13,24,50,0.006633264000129202,0.0003825169999345235,3,1,2,2,1,25,0.5,0.0
R1-G-grouped-atom,True,Optimization terminated successfully,7765.172709404464,0.9739937120068783,0.2574224335577842,0.0,0.0,20,19,0.004792454999915208,0.00041810300012912194,3,1,2,2,1,25,0.5,0.0
R0-full,True,Optimization terminated successfully,8764.958910706306,0.0,0.0,1.1368683772161603e-13,0.0,41,40,0.014654008999968937,1.3958999943497474e-05,24,24,0,2,1,25,0.5,0.1
R1-U-unweighted-SVD,True,Optimization terminated successfully,9548.760269076594,8.942441902527158,0.24052990547144162,1.1368683772161603e-13,-8.881784197001252e-14,21,17,0.00418623799987472,0.0002471770001193363,3,1,2,2,1,25,0.5,0.1
R1-W-weighted-SVD,True,Optimization terminated successfully,9108.56119950931,3.9201813984923217,0.2725803787831732,1.1368683772161603e-13,-4.618527782440651e-14,18,16,0.0044153039998491295,0.0003422180000143271,3,1,2,2,1,25,0.5,0.1
R1-G-grouped-atom,True,Optimization terminated successfully,8910.397093750656,1.6593139172244102,0.310114745287374,1.1368683772161603e-13,0.0,20,19,0.003654153000070437,0.00048244000004160625,3,1,2,2,1,25,0.5,0.1
R0-full,True,Optimization terminated successfully,7690.269963523391,0.0,0.0,0.0,0.0,35,35,0.01692683099986425,1.433700003872218e-05,24,24,0,2,1,25,2.5,0.0
R1-U-unweighted-SVD,True,Optimization terminated successfully,8230.544946044376,7.02543584404222,0.17164188697546368,1.1368683772161603e-13,-1.5187850976872141e-12,10,12,0.0024150790000021516,0.00024716200005059363,3,1,2,2,1,25,2.5,0.0
R1-W-weighted-SVD,True,Optimization terminated successfully,7871.936940845416,2.362296488728098,0.22589832860899148,0.0,-1.8474111129762605e-13,16,16,0.0032068870000330207,0.0004168089999438962,3,1,2,2,1,25,2.5,0.0
R1-G-grouped-atom,True,Optimization terminated successfully,7765.172709404464,0.9739937120068903,0.2574224310078578,0.0,0.0,19,19,0.00385875599999963,0.00046269799986475846,3,1,2,2,1,25,2.5,0.0
R0-full,True,Optimization terminated successfully,8764.958910706308,0.0,0.0,1.1368683772161603e-13,0.0,37,37,0.013816494999900897,1.9953999981225934e-05,24,24,0,2,1,25,2.5,0.1
R1-U-unweighted-SVD,True,Optimization terminated successfully,9291.186107447658,6.003761136844232,0.15172590739091485,0.0,-5.1958437552457326e-14,10,11,0.002472474000114744,0.00028698500000245986,3,1,2,2,1,25,2.5,0.1
R1-W-weighted-SVD,True,Optimization terminated successfully,8990.42310623196,2.5723360237348043,0.27249765716012037,0.0,-2.5579538487363607e-13,18,19,0.0036370380000789737,0.00035189200002605503,3,1,2,2,1,25,2.5,0.1
R1-G-grouped-atom,True,Optimization terminated successfully,8908.631585843921,1.6391711199252619,0.29136433925477223,1.1368683772161603e-13,1.9283866493160177e-13,27,27,0.005137736000051518,0.0005575969998972141,3,1,2,2,1,25,2.5,0.1
R0-full,True,Optimization terminated successfully,7690.269963523392,0.0,0.0,0.0,0.0,37,36,0.013150921000033122,1.6074000086518936e-05,24,24,0,5,1,25,0.5,0.0
R1-U-unweighted-SVD,True,Optimization terminated successfully,8161.833770211859,6.131953870607865,0.1747387240416174,1.1368683772161603e-13,-1.438849039914203e-13,23,33,0.0066238050001175,0.0002641619998939859,6,1,5,5,1,25,0.5,0.0
R1-W-weighted-SVD,True,Optimization terminated successfully,7968.023734379667,3.611755792367771,0.21778886813933282,0.0,-8.526512829121202e-14,26,40,0.0066780800000287854,0.0004146429998854728,6,1,5,5,1,25,0.5,0.0
R1-G-grouped-atom,True,Optimization terminated successfully,7765.172709404461,0.9739937120068428,0.2574224335641321,0.0,4.1704474116411775e-16,29,28,0.005730804999984684,0.0005299829999785288,6,1,5,5,1,25,0.5,0.0
R0-full,True,Optimization terminated successfully,8764.958910706306,0.0,0.0,1.1368683772161603e-13,0.0,41,40,0.014740550000169605,2.7566999960981775e-05,24,24,0,5,1,25,0.5,0.1
R1-U-unweighted-SVD,True,Optimization terminated successfully,9252.240813230033,5.5594316811744315,0.22383189865126601,0.0,-1.5276668818842154e-13,21,22,0.005348878999939188,0.0002736909998475312,6,1,5,5,1,25,0.5,0.1
R1-W-weighted-SVD,True,Optimization terminated successfully,9080.555640169181,3.600664106677982,0.2782712755564737,1.1368683772161603e-13,-2.1316282072803006e-14,28,28,0.006334645000151795,0.00035248500012130535,6,1,5,5,1,25,0.5,0.1
R1-G-grouped-atom,True,Optimization terminated successfully,8910.042458564001,1.6552678607594782,0.30172731838913547,0.0,0.0,32,31,0.006165221999935966,0.0006922649999978603,6,1,5,5,1,25,0.5,0.1
R0-full,True,Optimization terminated successfully,7690.269963523391,0.0,0.0,0.0,0.0,35,35,0.01372314200011715,1.8162000060328864e-05,24,24,0,5,1,25,2.5,0.0
R1-U-unweighted-SVD,True,Optimization terminated successfully,8153.033814189704,6.017524129338778,0.15177154061227852,0.0,0.0,11,12,0.002608766000093965,0.00028356600000734034,6,1,5,5,1,25,2.5,0.0
R1-W-weighted-SVD,True,Optimization terminated successfully,7826.12643068825,1.7666020544045358,0.15989195402429804,0.0,-1.8829382497642655e-12,24,25,0.005652359999885448,0.00034584300010465086,6,1,5,5,1,25,2.5,0.0
R1-G-grouped-atom,True,Optimization terminated successfully,7764.940606172093,0.9709755704660649,0.2479577526091616,0.0,0.0,30,30,0.006206194000014875,0.0006586969998352288,6,1,5,5,1,25,2.5,0.0
R0-full,True,Optimization terminated successfully,8764.958910706308,0.0,0.0,1.1368683772161603e-13,0.0,37,37,0.014774745000067924,1.5907000033621443e-05,24,24,0,5,1,25,2.5,0.1
R1-U-unweighted-SVD,True,Optimization terminated successfully,9216.03397195367,5.146345417505364,0.1443263222505672,0.0,-1.1146639167236572e-13,11,22,0.003644891000021744,0.00025400599997738027,6,1,5,5,1,25,2.5,0.1
R1-W-weighted-SVD,True,Optimization terminated successfully,8929.41384214015,1.8762772662055711,0.18831710656609685,0.0,-2.3447910280083306e-13,27,38,0.006925960999978997,0.0005049250000865868,6,1,5,5,1,25,2.5,0.1
R1-G-grouped-atom,True,Optimization terminated successfully,8891.28729265006,1.4412889236644804,0.23634765166674973,1.1368683772161603e-13,0.0,30,30,0.006217306000053213,0.0005348079998839239,6,1,5,5,1,25,2.5,0.1
R0-full,True,Optimization terminated successfully,20570.23621993488,0.0,0.0,1.1368683772161603e-13,6.63358257213531e-15,51,50,0.014240172999961942,2.6302999913241365e-05,18,18,0,2,2,10,0.5,0.0
R1-U-unweighted-SVD,True,Optimization terminated successfully,21771.881660283416,5.841670593865164,0.2599285839601387,0.0,-2.842170943040401e-14,19,28,0.004697714000030828,0.00021904000004724367,4,2,2,2,2,10,0.5,0.0
R1-W-weighted-SVD,True,Optimization terminated successfully,21223.220084990044,3.174411115524039,0.1540844147753947,0.0,-2.1316282072803006e-14,22,36,0.006077279999999519,0.00042187100007140543,4,2,2,2,2,10,0.5,0.0
R1-G-grouped-atom,True,Optimization terminated successfully,20570.236219934883,1.7685644288158933e-14,5.714697122966309e-08,0.0,1.1449551430212247e-17,36,35,0.0077241239998784295,0.0004974290000063775,6,2,4,2,2,10,0.5,0.0
R0-full,True,Optimization terminated successfully,23530.95811809181,0.0,0.0,2.2737367544323206e-13,0.0,50,50,0.014846571999896696,1.359500015496451e-05,18,18,0,2,2,10,0.5,0.1
R1-U-unweighted-SVD,True,Optimization terminated successfully,24638.221218392824,4.705558926857691,0.23767509127824812,1.1368683772161603e-13,-6.394884621840902e-14,18,18,0.003796085999965726,0.00021828000012646953,4,2,2,2,2,10,0.5,0.1
R1-W-weighted-SVD,True,Optimization terminated successfully,24179.213985465354,2.7549063838379424,0.14758048065726254,0.0,0.0,20,19,0.004257528999914939,0.0004023490000690799,4,2,2,2,2,10,0.5,0.1
R1-G-grouped-atom,True,Optimization terminated successfully,23530.958118091803,-3.092078774552446e-14,8.115543062918715e-10,1.1368683772161603e-13,0.0,34,33,0.007275208000010025,0.00050485200017647,6,2,4,2,2,10,0.5,0.1
R0-full,True,Optimization terminated successfully,20570.236219934905,0.0,0.0,0.0,0.0,40,40,0.01184166300004108,2.479299996593909e-05,18,18,0,2,2,10,2.5,0.0
R1-U-unweighted-SVD,True,Optimization terminated successfully,20974.993143926156,1.9676824303991036,0.14961780355181473,1.1368683772161603e-13,1.894004574623411e-14,14,14,0.003138414999966699,0.00021096199998282827,4,2,2,2,2,10,2.5,0.0
R1-W-weighted-SVD,True,Optimization terminated successfully,20747.827487015787,0.8633409222047571,0.0695468135537531,1.1368683772161603e-13,-3.850253449400043e-13,26,27,0.005937366999887672,0.00031609200004822924,4,2,2,2,2,10,2.5,0.0
R1-G-grouped-atom,True,Optimization terminated successfully,20570.236219934875,-1.4148515430527129e-13,1.274462875713739e-07,0.0,0.0,36,36,0.0074190510001699295,0.0006205839999893215,6,2,4,2,2,10,2.5,0.0
R0-full,True,Optimization terminated successfully,23530.95811809182,0.0,0.0,0.0,0.0,44,44,0.01278154400006315,1.5613999948982382e-05,18,18,0,2,2,10,2.5,0.1
R1-U-unweighted-SVD,True,Optimization terminated successfully,23934.86411916413,1.7164876969534189,0.13812306880917505,1.1368683772161603e-13,5.1486592766991635e-15,16,17,0.003687884999862945,0.00021644399998876906,4,2,2,2,2,10,2.5,0.1
R1-W-weighted-SVD,True,Optimization terminated successfully,23708.00619659183,0.7524048855617295,0.06363283620513976,0.0,-1.7541523789077473e-13,32,28,0.006134226000085619,0.00037223499998617626,4,2,2,2,2,10,2.5,0.1
R1-G-grouped-atom,True,Optimization terminated successfully,23530.9581180918,-9.276236323657334e-14,4.611147901751051e-08,1.1368683772161603e-13,0.0,35,34,0.007093837999946118,0.00047955800005183846,6,2,4,2,2,10,2.5,0.1
R0-full,True,Optimization terminated successfully,20570.23621993488,0.0,0.0,1.1368683772161603e-13,6.63358257213531e-15,51,50,0.0158890740001425,1.3328000022738706e-05,18,18,0,5,2,10,0.5,0.0
R1-U-unweighted-SVD,True,Optimization terminated successfully,21388.030533051653,3.975619455085494,0.2147831066669337,0.0,3.5213401381414395e-15,28,31,0.006901927000171781,0.00022564799996871443,7,2,5,5,2,10,0.5,0.0
R1-W-weighted-SVD,True,Optimization terminated successfully,21001.231362323135,2.095236718626366,0.11897545518292797,2.2737367544323206e-13,-6.984635092521785e-12,37,49,0.00971054000001459,0.00037544600013461604,7,2,5,5,2,10,0.5,0.0
R1-G-grouped-atom,True,Optimization terminated successfully,20570.23621993488,0.0,2.758691446432654e-08,1.1368683772161603e-13,1.1575630053534786e-15,46,45,0.01108890499995141,0.0007054950001474936,12,2,10,5,2,10,0.5,0.0
R0-full,True,Optimization terminated successfully,23530.95811809181,0.0,0.0,2.2737367544323206e-13,0.0,50,50,0.015038817000004201,1.5217999816741212e-05,18,18,0,5,2,10,0.5,0.1
R1-U-unweighted-SVD,True,Optimization terminated successfully,24281.16797442232,3.1881823619995657,0.20479808604493444,0.0,1.2083609855413664e-14,23,24,0.005476602000044295,0.0002707470000586909,7,2,5,5,2,10,0.5,0.1
R1-W-weighted-SVD,True,Optimization terminated successfully,23961.156748850593,1.8282240298070322,0.10915080013967304,0.0,-2.106048668792937e-11,33,30,0.006522670000094877,0.0005511479998858704,7,2,5,5,2,10,0.5,0.1
R1-G-grouped-atom,True,Optimization terminated successfully,23530.958118091803,-3.092078774552446e-14,1.4519325795970666e-10,1.1368683772161603e-13,3.985052969249681e-16,50,50,0.01324261300010221,0.0008240619999924093,12,2,10,5,2,10,0.5,0.1
R0-full,True,Optimization terminated successfully,20570.236219934905,0.0,0.0,0.0,0.0,40,40,0.013325182000016866,1.4500000133921276e-05,18,18,0,5,2,10,2.5,0.0
R1-U-unweighted-SVD,True,Optimization terminated successfully,20950.158801840105,1.8469529364811692,0.14657911294237283,1.1368683772161603e-13,-1.2190248810384219e-12,17,18,0.004042864999973972,0.00021926699992036447,7,2,5,5,2,10,2.5,0.0
R1-W-weighted-SVD,True,Optimization terminated successfully,20679.9176846572,0.533204692204762,0.07903008229533284,0.0,-1.4210854715202004e-14,41,40,0.009229068999957235,0.0003964569998515799,7,2,5,5,2,10,2.5,0.0
R1-G-grouped-atom,True,Optimization terminated successfully,20570.236219934883,-1.0611386572895346e-13,1.293631428378584e-07,1.1368683772161603e-13,0.0,43,42,0.011159283999859326,0.0008091150000382186,12,2,10,5,2,10,2.5,0.0
R0-full,True,Optimization terminated successfully,23530.95811809182,0.0,0.0,0.0,0.0,44,44,0.017064317999938794,1.4968999948905548e-05,18,18,0,5,2,10,2.5,0.1
R1-U-unweighted-SVD,True,Optimization terminated successfully,23910.040566651,1.6109945317854353,0.13463649578086986,2.2737367544323206e-13,-4.2676973066591017e-13,19,23,0.006714137000017217,0.00023233199999594945,7,2,5,5,2,10,2.5,0.1
R1-W-weighted-SVD,True,Optimization terminated successfully,23640.144527020697,0.46401174308719473,0.07231573267886143,1.1368683772161603e-13,-3.1086244689504383e-15,38,38,0.009690252000154942,0.00041499500002828427,7,2,5,5,2,10,2.5,0.1
R1-G-grouped-atom,True,Optimization terminated successfully,23530.9581180918,-9.276236323657334e-14,4.58607313110812e-08,0.0,0.0,42,41,0.011849822999920434,0.0008301070001834887,12,2,10,5,2,10,2.5,0.1
R0-full,True,Optimization terminated successfully,19672.719785011825,0.0,0.0,0.0,0.0,46,42,0.04914252499997929,2.86530000721541e-05,48,48,0,2,2,25,0.5,0.0
R1-U-unweighted-SVD,True,Optimization terminated successfully,22420.4232600556,13.96707473634217,0.3120928267744131,2.2737367544323206e-13,-1.5631940186722204e-13,15,14,0.003583725999988019,0.0008594979999543284,4,2,2,2,2,25,0.5,0.0
R1-W-weighted-SVD,True,Optimization terminated successfully,20886.546542280004,6.170101391841943,0.1450269014374899,1.1368683772161603e-13,-8.881784197001252e-14,21,30,0.006598589000077482,0.0009312120000686264,4,2,2,2,2,25,0.5,0.0
R1-G-grouped-atom,True,Optimization terminated successfully,19672.719785011814,-5.54775167874358e-14,7.34388373373694e-08,0.0,0.0,29,28,0.007100735999983954,0.0006894429998283158,6,2,4,2,2,25,0.5,0.0
R0-full,True,Optimization terminated successfully,22282.093874283473,0.0,0.0,0.0,0.0,48,46,0.04825460999995812,1.7265999986193492e-05,48,48,0,2,2,25,0.5,0.1
R1-U-unweighted-SVD,True,Optimization terminated successfully,24992.74281030431,12.165144583423952,0.27128541703039244,2.2737367544323206e-13,-9.094947017729282e-13,15,17,0.003718351999850711,0.0006404279999969731,4,2,2,2,2,25,0.5,0.1
R1-W-weighted-SVD,True,Optimization terminated successfully,23489.5418014342,5.418915897057068,0.1344790476152801,0.0,-1.7763568394002505e-14,33,33,0.008572327000138102,0.0008076320000327541,4,2,2,2,2,25,0.5,0.1
R1-G-grouped-atom,True,Optimization terminated successfully,22282.09387428347,-1.6326916256691787e-14,8.987568900637772e-09,0.0,4.2307290477362246e-17,35,35,0.008182621000059953,0.0008923999998842191,6,2,4,2,2,25,0.5,0.1
R0-full,True,Optimization terminated successfully,19672.71978501181,0.0,0.0,0.0,0.0,38,38,0.03866859300001124,1.6827000081320875e-05,48,48,0,2,2,25,2.5,0.0
R1-U-unweighted-SVD,True,Optimization terminated successfully,20850.979306152323,5.98930668467205,0.24012340767412518,0.0,-2.0027035585457043e-13,12,13,0.0030556730000625976,0.0004945089999637275,4,2,2,2,2,25,2.5,0.0
R1-W-weighted-SVD,True,Optimization terminated successfully,19890.486374528627,1.1069470408597433,0.04507229060227818,0.0,-9.237055564881302e-12,21,32,0.0058926889998929255,0.0006799459999911051,4,2,2,2,2,25,2.5,0.0
R1-G-grouped-atom,True,Optimization terminated successfully,19672.719785011814,1.8492505595811946e-14,1.0431448496534567e-09,0.0,0.0,32,31,0.007324045999894224,0.0007429459999457322,6,2,4,2,2,25,2.5,0.0
R0-full,True,Optimization terminated successfully,22282.093874283553,0.0,0.0,1.1368683772161603e-13,0.0,45,41,0.04548830899989298,1.6875000028448994e-05,48,48,0,2,2,25,2.5,0.1
R1-U-unweighted-SVD,True,Optimization terminated successfully,23435.79319137345,5.177697049474405,0.22030395547406867,1.1368683772161603e-13,-1.689551276662371e-13,14,16,0.0036231799999768555,0.0005184809999718709,4,2,2,2,2,25,2.5,0.1
R1-W-weighted-SVD,True,Optimization terminated successfully,22499.36083324276,0.9750742465453944,0.041191036313439275,1.1368683772161603e-13,-1.4210854715202004e-14,24,23,0.0053608399998665845,0.0006446350000715029,4,2,2,2,2,25,2.5,0.1
R1-G-grouped-atom,True,Optimization terminated successfully,22282.093874283477,-3.428652413905263e-13,1.3489798759505163e-07,0.0,0.0,32,31,0.008384201999888319,0.0006094309999298275,6,2,4,2,2,25,2.5,0.1
R0-full,True,Optimization terminated successfully,19672.719785011825,0.0,0.0,0.0,0.0,46,42,0.044527121999863084,1.79909998223593e-05,48,48,0,5,2,25,0.5,0.0
R1-U-unweighted-SVD,True,Optimization terminated successfully,21481.85306905499,9.196152356226309,0.18861767110065664,0.0,-2.495781359357352e-13,27,47,0.009156773999848156,0.000569493000057264,7,2,5,5,2,25,0.5,0.0
R1-W-weighted-SVD,True,Optimization terminated successfully,20331.139120704578,3.34686481019461,0.055702856336637956,0.0,-2.1316282072803006e-14,25,44,0.00900351700011015,0.0008321840000462544,7,2,5,5,2,25,0.5,0.0
R1-G-grouped-atom,True,Optimization terminated successfully,19672.719785011814,-5.54775167874358e-14,8.637080919129914e-08,0.0,0.0,42,41,0.012733026999967478,0.0010175469999467168,12,2,10,5,2,25,0.5,0.0
R0-full,True,Optimization terminated successfully,22282.093874283473,0.0,0.0,0.0,0.0,48,46,0.04746623899995939,2.0860000176980975e-05,48,48,0,5,2,25,0.5,0.1
R1-U-unweighted-SVD,True,Optimization terminated successfully,24079.037204072396,8.064517365052646,0.1685871915651962,2.2737367544323206e-13,-6.927791673660977e-14,25,55,0.010258695999937117,0.0005879799998638191,7,2,5,5,2,25,0.5,0.1
R1-W-weighted-SVD,True,Optimization terminated successfully,22939.175533415655,2.948922407559472,0.05025894278188706,2.2737367544323206e-13,-2.2026824808563106e-13,32,28,0.009357180999813863,0.0006865099999231461,7,2,5,5,2,25,0.5,0.1
R1-G-grouped-atom,True,Optimization terminated successfully,22282.0938742835,1.142884137968425e-13,9.56173051826909e-08,1.1368683772161603e-13,5.406797908390411e-15,39,38,0.011759148999999525,0.0010843760001080227,12,2,10,5,2,25,0.5,0.1
R0-full,True,Optimization terminated successfully,19672.71978501181,0.0,0.0,0.0,0.0,38,38,0.03952225800003362,2.026200013460766e-05,48,48,0,5,2,25,2.5,0.0
R1-U-unweighted-SVD,True,Optimization terminated successfully,20757.873247952317,5.516031717013832,0.21638528507922386,1.1368683772161603e-13,-2.133404564119701e-12,15,16,0.004772225999886359,0.0005202649999773712,7,2,5,5,2,25,2.5,0.0
R1-W-weighted-SVD,True,Optimization terminated successfully,19846.524718246455,0.8834819747041962,0.03686780293571437,0.0,0.0,32,31,0.009466440000096554,0.0006805289999647357,7,2,5,5,2,25,2.5,0.0
R1-G-grouped-atom,True,Optimization terminated successfully,19672.719785011814,1.8492505595811946e-14,1.4754493920373164e-09,0.0,0.0,40,39,0.012458206000019345,0.0011765619999550836,12,2,10,5,2,25,2.5,0.0
R0-full,True,Optimization terminated successfully,22282.093874283553,0.0,0.0,1.1368683772161603e-13,0.0,45,41,0.04497078100007457,2.383000014560821e-05,48,48,0,5,2,25,2.5,0.1
R1-U-unweighted-SVD,True,Optimization terminated successfully,23348.094822232928,4.7841147872538095,0.19705578045527136,0.0,-2.305711177541525e-12,23,19,0.005812720999983867,0.0006115479998243245,7,2,5,5,2,25,2.5,0.1
R1-W-weighted-SVD,True,Optimization terminated successfully,22455.47671098241,0.7781263182764114,0.03371286664737865,2.2737367544323206e-13,-7.105427357601002e-15,34,33,0.00973703799991199,0.0006655310000951431,7,2,5,5,2,25,2.5,0.1
R1-G-grouped-atom,True,Optimization terminated successfully,22282.093874283477,-3.428652413905263e-13,1.7338443283909214e-07,1.1368683772161603e-13,0.0,40,40,0.01298468300001332,0.001017584999999599,12,2,10,5,2,25,2.5,0.1
